2,0.154809,3.5772,5.2043,-2.3143,10.8829,11.7603,9.9961
3,0.199229,3.5917,5.1426,-2.0851,10.2609,11.0737,9.4073
4,0.262431,3.6043,5.0847,-1.8570,9.6552,10.4150,8.8308
5,0.316378,3.6124,5.0484,-1.7073,9.2590,9.9856,8.4538
6,0.334265,3.6147,5.0360,-1.6616,9.1382,9.8551,8.3386
7,0.335656,3.6150,5.0344,-1.6573,9.1267,9.8427,8.3278
8,0.338675,3.6153,5.0321,-1.6497,9.1069,9.8215,8.3088
9,0.354438,3.6176,5.0033,-1.5921,8.9571,9.6623,8.1646
10,0.355002,3.6178,5.0060,-1.5934,8.9596,9.6641,8.1675
11,0.356322,3.6179,5.0058,-1.5909,8.9529,9.6567,8.1612
12,0.362681,3.6187,4.9941,-1.5683,8.8943,9.5948,8.1046
13,0.410058,3.6279,4.9517,-1.4357,8.5366,9.2005,7.7697
14,0.423261,3.6311,4.9372,-1.3948,8.4251,9.0765,7.6663
15,0.446001,3.6376,4.9125,-1.3215,8.2227,8.8486,7.4807
16,0.463746,3.6434,4.8933,-1.2622,8.0573,8.6607,7.3307
17,0.466632,3.6444,4.8899,-1.2520,8.0289,8.6282,7.3050
18,0.475502,3.6477,4.8806,-1.2212,7.9422,8.5286,7.2273
19,0.486948,3.6523,4.8688,-1.1806,7.8273,8.3960,7.1250
20,0.500591,3.6585,4.8562,-1.1312,7.6859,8.2313,7.0005
21,0.512211,3.6641,4.8463,-1.0889,7.5641,8.0890,6.8939
22,0.520961,3.6685,4.8393,-1.0570,7.4720,7.9815,6.8135
23,0.528974,3.6726,4.8330,-1.0278,7.3881,7.8840,6.7403
24,0.538145,3.6773,4.8260,-0.9947,7.2934,7.7743,6.6573
25,0.550811,3.6837,4.8169,-0.9496,7.1653,7.6269,6.5446
26,0.568088,3.6929,4.8056,-0.8883,6.9927,7.4296,6.3922
27,0.589816,3.7047,4.7929,-0.8120,6.7805,7.1873,6.2054
28,0.615236,3.7179,4.7781,-0.7260,6.5475,6.9248,5.9979
29,0.649058,3.7347,4.7585,-0.6161,6.2572,6.5989,5.7400
30,0.947520,3.8449,4.5903,0.1572,4.3450,4.5040,4.0402
31,1.072650,3.8867,4.5615,0.4070,3.7332,3.8413,3.5150
32,1.120142,3.9051,4.5674,0.4936,3.5244,3.6114,3.3447
33,1.159734,3.9205,4.5750,0.5627,3.3631,3.4323,3.2168
34,1.193379,3.9330,4.5807,0.6195,3.2402,3.2950,3.1217
35,1.227316,3.9452,4.5861,0.6750,3.1313,3.1728,3.0389
36,1.259222,3.9563,4.5907,0.7258,3.0371,3.0679,2.9653
37,1.287355,3.9657,4.5945,0.7695,2.9589,2.9815,2.9028
38,1.312489,3.9739,4.5975,0.8078,2.8928,2.9089,2.8492
39,1.330808,3.9799,4.5993,0.8356,2.8460,2.8575,2.8106
40,1.440468,4.0126,4.6077,0.9925,2.6000,2.5902,2.6015
41,1.626796,4.0615,4.6143,1.2343,2.2514,2.2157,2.2916
42,1.641710,4.0654,4.6137,1.2544,2.2225,2.1850,2.2654
43,1.659868,4.0699,4.6133,1.2779,2.1889,2.1492,2.2348
44,1.679448,4.0748,4.6127,1.3029,2.1532,2.1111,2.2021
45,1.698612,4.0796,4.6122,1.3276,2.1183,2.0739,2.1702
46,1.717749,4.0842,4.6112,1.3519,2.0832,2.0367,2.1380
47,1.736306,4.0886,4.6100,1.3756,2.0490,2.0004,2.1065
48,1.756368,4.0934,4.6086,1.4011,2.0118,1.9609,2.0725
49,1.779712,4.0987,4.6061,1.4303,1.9682,1.9149,2.0321
50,1.799564,4.1031,4.6035,1.4553,1.9307,1.8753,1.9972
51,1.815955,4.1066,4.6010,1.4759,1.8992,1.8422,1.9678
52,1.826026,4.1086,4.5991,1.4883,1.8797,1.8218,1.9495
53,1.835859,4.1106,4.5971,1.5005,1.8604,1.8016,1.9313
54,1.845284,4.1125,4.5949,1.5125,1.8412,1.7816,1.9132
55,1.855158,4.1143,4.5925,1.5245,1.8215,1.7610,1.8946
56,1.864807,4.1161,4.5898,1.5366,1.8017,1.7403,1.8757
57,1.874898,4.1179,4.5869,1.5488,1.7810,1.7189,1.8561
58,1.885045,4.1196,4.5837,1.5613,1.7598,1.6969,1.8358
59,1.895579,4.1213,4.5802,1.5740,1.7376,1.6739,1.8147
60,1.906397,4.1230,4.5763,1.5871,1.7145,1.6501,1.7925
61,1.917422,4.1246,4.5721,1.6005,1.6906,1.6254,1.7695
62,1.928595,4.1262,4.5675,1.6140,1.6660,1.6001,1.7458
63,1.939863,4.1278,4.5625,1.6276,1.6407,1.5741,1.7214
64,1.951119,4.1292,4.5572,1.6412,1.6150,1.5478,1.6965
65,1.962378,4.1306,4.5516,1.6549,1.5888,1.5210,1.6711
66,1.973504,4.1319,4.5457,1.6684,1.5624,1.4940,1.6454
67,1.984741,4.1331,4.5395,1.6819,1.5355,1.4666,1.6192
68,1.995870,4.1342,4.5329,1.6953,1.5083,1.4389,1.5926
69,2.006900,4.1352,4.5261,1.7086,1.4809,1.4110,1.5658
70,2.017891,4.1361,4.5189,1.7219,1.4530,1.3827,1.5384
71,2.028826,4.1370,4.5113,1.7352,1.4246,1.3539,1.5104
72,2.039814,4.1377,4.5034,1.7485,1.3957,1.3247,1.4819
73,2.050725,4.1384,4.4951,1.7617,1.3664,1.2951,1.4530
74,2.061506,4.1389,4.4865,1.7747,1.3369,1.2653,1.4238
75,2.072119,4.1394,4.4777,1.7876,1.3071,1.2354,1.3944
76,2.082527,4.1397,4.4685,1.8003,1.2773,1.2054,1.3647
77,2.092774,4.1400,4.4591,1.8128,1.2473,1.1753,1.3348
78,2.102825,4.1401,4.4494,1.8250,1.2172,1.1452,1.3048
79,2.112677,4.1401,4.4394,1.8371,1.1870,1.1150,1.2747
80,2.122346,4.1400,4.4292,1.8490,1.1567,1.0847,1.2444
81,2.131830,4.1398,4.4185,1.8607,1.1261,1.0542,1.2136
82,2.137516,4.1396,4.4119,1.8677,1.1074,1.0356,1.1948
83,2.143154,4.1394,4.4052,1.8747,1.0886,1.0169,1.1759
84,2.148746,4.1391,4.3984,1.8817,1.0696,0.9980,1.1568
85,2.154303,4.1388,4.3914,1.8886,1.0505,0.9790,1.1376
86,2.159825,4.1385,4.3843,1.8955,1.0313,0.9600,1.1182
87,2.165314,4.1381,4.3771,1.9024,1.0118,0.9407,1.0986
88,2.170768,4.1377,4.3696,1.9093,0.9922,0.9212,1.0787
89,2.176180,4.1373,4.3621,1.9161,0.9724,0.9016,1.0587
90,2.181569,4.1368,4.3544,1.9230,0.9524,0.8819,1.0385
91,2.186941,4.1363,4.3466,1.9298,0.9323,0.8619,1.0181
92,2.192285,4.1357,4.3386,1.9366,0.9119,0.8418,0.9973
93,2.197609,4.1351,4.3304,1.9435,0.8912,0.8214,0.9764
94,2.202910,4.1345,4.3221,1.9503,0.8704,0.8008,0.9552
95,2.208164,4.1339,4.3137,1.9571,0.8494,0.7801,0.9339
96,2.213374,4.1332,4.3051,1.9639,0.8283,0.7593,0.9124
97,2.218547,4.1324,4.2964,1.9708,0.8069,0.7382,0.8907
98,2.223699,4.1317,4.2875,1.9776,0.7854,0.7170,0.8687
99,2.228834,4.1309,4.2785,1.9844,0.7636,0.6956,0.8466
100,2.233946,4.1301,4.2694,1.9913,0.7417,0.6740,0.8242
101,2.239032,4.1292,4.2602,1.9982,0.7196,0.6523,0.8017
102,2.244100,4.1284,4.2510,2.0051,0.6975,0.6305,0.7791
103,2.249135,4.1276,4.2418,2.0121,0.6752,0.6087,0.7565
104,2.254139,4.1269,4.2327,2.0192,0.6532,0.5869,0.7340
105,2.259114,4.1262,4.2238,2.0263,0.6314,0.5654,0.7119
106,2.264008,4.1257,4.2155,2.0335,0.6103,0.5446,0.6906
107,2.268811,4.1254,4.2081,2.0408,0.5905,0.5249,0.6707
108,2.273481,4.1256,4.2022,2.0482,0.5729,0.5072,0.6532
109,2.277798,4.1264,4.1989,2.0555,0.5590,0.4930,0.6397
110,2.281633,4.1280,4.1989,2.0625,0.5505,0.4837,0.6321
111,2.284692,4.1304,4.2027,2.0690,0.5483,0.4804,0.6313
112,2.285394,4.1312,4.2044,2.0707,0.5488,0.4806,0.6322
113,2.286096,4.1321,4.2065,2.0724,0.5498,0.4812,0.6337
114,2.286798,4.1332,4.2091,2.0743,0.5514,0.4823,0.6360
115,2.287498,4.1345,4.2122,2.0763,0.5536,0.4839,0.6388
116,2.288197,4.1360,4.2161,2.0786,0.5567,0.4863,0.6427
117,2.288894,4.1378,4.2211,2.0812,0.5610,0.4898,0.6481
118,2.289587,4.1402,4.2275,2.0843,0.5669,0.4947,0.6552
119,2.290274,4.1430,4.2355,2.0879,0.5745,0.5011,0.6645
120,2.290945,4.1468,4.2458,2.0927,0.5843,0.5092,0.6764
121,2.291581,4.1518,4.2592,2.0996,0.5967,0.5194,0.6915
122,2.292131,4.1584,4.2754,2.1096,0.6097,0.5295,0.7081
123,2.292552,4.1656,4.2910,2.1231,0.6186,0.5352,0.7210
124,2.292957,4.1685,4.2977,2.1279,0.6234,0.5388,0.7274
125,2.293135,4.1597,4.2791,2.1114,0.6131,0.5323,0.7121
126,2.293357,4.1513,4.2322,2.1250,0.5300,0.4528,0.6246
127,2.293554,4.1470,4.1965,2.1433,0.4585,0.3832,0.5508
128,2.293888,4.1409,4.1567,2.1587,0.3840,0.3114,0.4731
129,2.294374,4.1340,4.1175,2.1706,0.3143,0.2446,0.3997
130,2.294959,4.1276,4.0833,2.1792,0.2555,0.1886,0.3375
131,2.295588,4.1217,4.0534,2.1858,0.2051,0.1408,0.2840
132,2.296233,4.1161,4.0256,2.1913,0.1591,0.0973,0.2349
133,2.296885,4.1106,3.9984,2.1963,0.1148,0.0554,0.1876
134,2.297537,4.1048,3.9709,2.2010,0.0706,0.0137,0.1402
135,2.298187,4.0988,3.9422,2.2055,0.0251,-0.0292,0.0912
136,2.298832,4.0922,3.9117,2.2099,-0.0227,-0.0740,0.0398
137,2.299468,4.0850,3.8787,2.2141,-0.0735,-0.1216,-0.0150
138,2.300091,4.0770,3.8428,2.2182,-0.1279,-0.1724,-0.0740
139,2.300698,4.0681,3.8034,2.2222,-0.1864,-0.2270,-0.1376
140,2.301285,4.0582,3.7602,2.2259,-0.2493,-0.2854,-0.2062
141,2.301845,4.0472,3.7130,2.2292,-0.3164,-0.3475,-0.2798
142,2.302349,4.0360,3.6658,2.2318,-0.3816,-0.4077,-0.3517
143,2.302846,4.0229,3.6109,2.2343,-0.4556,-0.4756,-0.4339
144,2.303309,4.0089,3.5529,2.2362,-0.5307,-0.5441,-0.5182
145,2.303737,3.9940,3.4923,2.2375,-0.6054,-0.6115,-0.6035
146,2.304129,3.9784,3.4295,2.2381,-0.6773,-0.6756,-0.6873
147,2.304486,3.9623,3.3651,2.2380,-0.7435,-0.7327,-0.7680
148,2.304812,3.9457,3.2996,2.2373,-0.8004,-0.7787,-0.8436
149,2.305108,3.9288,3.2334,2.2359,-0.8456,-0.8109,-0.9127
150,2.305375,3.9116,3.1667,2.2339,-0.8813,-0.8216,-0.9945
151,2.305616,3.8943,3.0999,2.2312,-0.8962,-0.8131,-1.0519
152,2.305834,3.8768,3.0333,2.2280,-0.8977,-0.7916,-1.0942
153,2.306031,3.8592,2.9669,2.2242,-0.8915,-0.7616,-1.1285
154,2.306209,3.8417,2.9011,2.2198,-0.8794,-0.7252,-1.1561
155,2.306370,3.8241,2.8360,2.2149,-0.8628,-0.6851,-1.1756
156,2.306519,3.8067,2.7719,2.2093,-0.8434,-0.6381,-1.1964
157,2.306675,3.7900,2.7123,2.2021,-0.8183,-0.5868,-1.2069
158,2.306859,3.7759,2.6670,2.1910,-0.7835,-0.5288,-1.2013
159,2.307044,3.7656,2.6403,2.1764,-0.7409,-0.4675,-1.1814
160,2.307207,3.7578,2.6257,2.1600,-0.6948,-0.4070,-1.1521
161,2.307366,3.7512,2.6163,2.1430,-0.6476,-0.3470,-1.1190
162,2.307557,3.7444,2.6008,2.1314,-0.6134,-0.2996,-1.0989
163,2.307709,3.7394,2.5828,2.1295,-0.6045,-0.2811,-1.1000
164,2.307822,3.7363,2.5621,2.1374,-0.6214,-0.2916,-1.1234
165,2.307902,3.7343,2.5450,2.1469,-0.6432,-0.3095,-1.1492
166,2.307972,3.7329,2.5295,2.1567,-0.6663,-0.3295,-1.1751
167,2.308040,3.7317,2.5148,2.1665,-0.6896,-0.3503,-1.2009
168,2.308111,3.7306,2.5009,2.1762,-0.7129,-0.3715,-1.2263
169,2.308187,3.7297,2.4875,2.1859,-0.7360,-0.3926,-1.2514
170,2.308271,3.7288,2.4745,2.1953,-0.7588,-0.4135,-1.2761
171,2.308362,3.7280,2.4620,2.2046,-0.7812,-0.4341,-1.3002
172,2.308461,3.7272,2.4498,2.2137,-0.8032,-0.4544,-1.3237
173,2.308565,3.7265,2.4381,2.2227,-0.8248,-0.4745,-1.3468
174,2.308673,3.7258,2.4265,2.2315,-0.8462,-0.4943,-1.3696
175,2.308783,3.7252,2.4153,2.2402,-0.8674,-0.5142,-1.3921
176,2.308895,3.7246,2.4042,2.2490,-0.8885,-0.5339,-1.4145
177,2.309009,3.7240,2.3932,2.2576,-0.9096,-0.5537,-1.4368
178,2.309123,3.7235,2.3824,2.2663,-0.9306,-0.5735,-1.4590
179,2.309238,3.7229,2.3716,2.2749,-0.9516,-0.5932,-1.4811
180,2.309354,3.7224,2.3609,2.2835,-0.9725,-0.6130,-1.5032
181,2.309470,3.7219,2.3503,2.2921,-0.9934,-0.6327,-1.5252
182,2.309588,3.7214,2.3398,2.3007,-1.0143,-0.6524,-1.5471
183,2.309706,3.7209,2.3293,2.3092,-1.0351,-0.6721,-1.5690
184,2.309826,3.7204,2.3189,2.3177,-1.0558,-0.6917,-1.5907
185,2.309949,3.7200,2.3088,2.3261,-1.0762,-0.7110,-1.6120
186,2.310077,3.7196,2.3004,2.3330,-1.0931,-0.7270,-1.6298
187,2.310207,3.7193,2.2928,2.3393,-1.1083,-0.7415,-1.6457
188,2.310366,3.7191,2.2879,2.3434,-1.1185,-0.7511,-1.6563
189,2.310508,3.7195,2.2966,2.3365,-1.1017,-0.7354,-1.6386
190,2.310596,3.7201,2.3084,2.3270,-1.0787,-0.7138,-1.6143
191,2.310678,3.7207,2.3204,2.3174,-1.0554,-0.6919,-1.5897
192,2.310764,3.7213,2.3324,2.3079,-1.0323,-0.6702,-1.5654
193,2.310859,3.7219,2.3440,2.2987,-1.0098,-0.6491,-1.5416
194,2.310965,3.7225,2.3553,2.2897,-0.9882,-0.6288,-1.5187
195,2.311085,3.7230,2.3660,2.2813,-0.9677,-0.6096,-1.4970
196,2.311219,3.7236,2.3761,2.2734,-0.9486,-0.5918,-1.4768
197,2.311367,3.7241,2.3856,2.2661,-0.9311,-0.5754,-1.4581
198,2.311528,3.7246,2.3943,2.2594,-0.9148,-0.5603,-1.4408
199,2.311700,3.7251,2.4021,2.2534,-0.9001,-0.5466,-1.4252
200,2.311884,3.7255,2.4090,2.2481,-0.8875,-0.5348,-1.4117
201,2.312077,3.7258,2.4145,2.2439,-0.8773,-0.5253,-1.4008
202,2.312278,3.7260,2.4187,2.2407,-0.8696,-0.5182,-1.3927
203,2.312483,3.7262,2.4217,2.2385,-0.8643,-0.5133,-1.3869
204,2.312690,3.7264,2.4237,2.2371,-0.8609,-0.5102,-1.3833
205,2.312899,3.7264,2.4250,2.2362,-0.8588,-0.5083,-1.3810
206,2.313108,3.7265,2.4260,2.2356,-0.8574,-0.5071,-1.3794
207,2.313317,3.7266,2.4268,2.2351,-0.8562,-0.5060,-1.3780
208,2.313527,3.7267,2.4279,2.2345,-0.8547,-0.5048,-1.3764
209,2.313738,3.7268,2.4292,2.2337,-0.8528,-0.5031,-1.3742
210,2.313948,3.7269,2.4309,2.2326,-0.8503,-0.5009,-1.3714
211,2.314158,3.7271,2.4328,2.2314,-0.8474,-0.4983,-1.3681
212,2.316138,3.7289,2.4521,2.2194,-0.8194,-0.4741,-1.3365
213,2.318696,3.7309,2.4685,2.2117,-0.8023,-0.4614,-1.3152
214,2.321629,3.7336,2.4815,2.2099,-0.8007,-0.4653,-1.3080
215,2.324436,3.7368,2.4878,2.2170,-0.8218,-0.4931,-1.3223
216,2.326648,3.7403,2.4873,2.2321,-0.8631,-0.5416,-1.3562
217,2.328384,3.7443,2.4844,2.2510,-0.9140,-0.6000,-1.3991
218,2.329840,3.7488,2.4853,2.2686,-0.9621,-0.6567,-1.4378
219,2.331257,3.7543,2.4912,2.2849,-1.0074,-0.7125,-1.4715
220,2.332747,3.7609,2.5033,2.2993,-1.0485,-0.7659,-1.4987
221,2.334295,3.7690,2.5235,2.3120,-1.0853,-0.8187,-1.5166
222,2.335875,3.7788,2.5521,2.3228,-1.1183,-0.8687,-1.5287
223,2.337428,3.7901,2.5883,2.3321,-1.1476,-0.9168,-1.5341
224,2.338945,3.8027,2.6311,2.3401,-1.1736,-0.9628,-1.5329
225,2.340443,3.8159,2.6768,2.3473,-1.1966,-1.0071,-1.5258
226,2.341982,3.8290,2.7228,2.3542,-1.2182,-1.0485,-1.5174
227,2.343630,3.8418,2.7673,2.3611,-1.2387,-1.0864,-1.5110
228,2.345390,3.8541,2.8099,2.3681,-1.2578,-1.1230,-1.5015
229,2.347307,3.8658,2.8497,2.3753,-1.2752,-1.1559,-1.4932
230,2.349359,3.8768,2.8869,2.3827,-1.2911,-1.1868,-1.4833
231,2.351568,3.8872,2.9213,2.3903,-1.3051,-1.2149,-1.4723
232,2.353894,3.8970,2.9532,2.3980,-1.3166,-1.2394,-1.4607
233,2.356308,3.9064,2.9834,2.4057,-1.3248,-1.2600,-1.4462
234,2.358814,3.9152,3.0115,2.4135,-1.3260,-1.2756,-1.4208
235,2.361413,3.9236,3.0374,2.4214,-1.3237,-1.2872,-1.3925
236,2.364089,3.9314,3.0612,2.4293,-1.3229,-1.2947,-1.3766
237,2.366843,3.9387,3.0830,2.4373,-1.3218,-1.2994,-1.3649
238,2.369668,3.9455,3.1027,2.4453,-1.3202,-1.3028,-1.3544
239,2.372566,3.9516,3.1198,2.4533,-1.3191,-1.3060,-1.3459
240,2.375529,3.9571,3.1342,2.4614,-1.3192,-1.3096,-1.3399
241,2.378550,3.9619,3.1457,2.4695,-1.3211,-1.3145,-1.3369
242,2.380169,3.9641,3.1507,2.4738,-1.3228,-1.3176,-1.3363
243,2.381763,3.9666,3.1565,2.4780,-1.3235,-1.3197,-1.3347
244,2.383384,3.9684,3.1601,2.4822,-1.3262,-1.3235,-1.3356
245,2.384998,3.9701,3.1628,2.4864,-1.3298,-1.3281,-1.3377
246,2.386608,3.9715,3.1644,2.4906,-1.3343,-1.3334,-1.3409
247,2.388213,3.9726,3.1652,2.4947,-1.3396,-1.3394,-1.3452
248,2.389810,3.9735,3.1650,2.4988,-1.3460,-1.3463,-1.3507
249,2.391397,3.9742,3.1638,2.5029,-1.3534,-1.3541,-1.3574
250,2.392977,3.9745,3.1611,2.5070,-1.3623,-1.3633,-1.3660
251,2.394543,3.9743,3.1567,2.5111,-1.3731,-1.3741,-1.3768
252,2.396041,3.9756,3.1580,2.5152,-1.3777,-1.3794,-1.3803
253,2.397591,3.9761,3.1564,2.5189,-1.3850,-1.3870,-1.3871
254,2.399110,3.9752,3.1492,2.5229,-1.3986,-1.4002,-1.4012
255,2.400585,3.9737,3.1398,2.5268,-1.4146,-1.4155,-1.4183
256,2.402016,3.9717,3.1280,2.5307,-1.4330,-1.4329,-1.4381
257,2.403382,3.9690,3.1136,2.5345,-1.4539,-1.4524,-1.4611
258,2.404667,3.9656,3.0967,2.5381,-1.4769,-1.4736,-1.4869
259,2.405854,3.9615,3.0773,2.5415,-1.5016,-1.4961,-1.5152
260,2.406935,3.9569,3.0556,2.5447,-1.5275,-1.5193,-1.5455
261,2.407801,3.9517,3.0316,2.5481,-1.5552,-1.5437,-1.5785
262,2.408598,3.9461,3.0064,2.5509,-1.5819,-1.5668,-1.6115
263,2.409326,3.9401,2.9804,2.5532,-1.6073,-1.5879,-1.6444
264,2.409960,3.9339,2.9536,2.5553,-1.6315,-1.6074,-1.6771
265,2.410521,3.9275,2.9263,2.5571,-1.6541,-1.6245,-1.7097
266,2.411018,3.9210,2.8987,2.5587,-1.6760,-1.6378,-1.7472
267,2.411460,3.9143,2.8708,2.5602,-1.6974,-1.6483,-1.7888
268,2.411853,3.9076,2.8428,2.5614,-1.7151,-1.6558,-1.8256
269,2.412205,3.9008,2.8145,2.5625,-1.7286,-1.6596,-1.8567
270,2.412518,3.8940,2.7862,2.5635,-1.7388,-1.6602,-1.8843
271,2.412811,3.8871,2.7581,2.5642,-1.7463,-1.6582,-1.9088
272,2.413180,3.8816,2.7372,2.5629,-1.7465,-1.6507,-1.9224
273,2.413467,3.8741,2.7078,2.5626,-1.7490,-1.6428,-1.9430
274,2.413722,3.8662,2.6762,2.5627,-1.7513,-1.6347,-1.9632
275,2.413956,3.8581,2.6437,2.5629,-1.7526,-1.6260,-1.9811
276,2.414175,3.8498,2.6105,2.5629,-1.7526,-1.6146,-2.0002
277,2.414383,3.8414,2.5769,2.5630,-1.7518,-1.6015,-2.0191
278,2.414583,3.8330,2.5429,2.5631,-1.7502,-1.5876,-2.0368
279,2.414781,3.8245,2.5088,2.5633,-1.7483,-1.5729,-2.0546
280,2.414994,3.8165,2.4752,2.5649,-1.7497,-1.5619,-2.0743
281,2.415172,3.8167,2.4683,2.5728,-1.7698,-1.5824,-2.0938
282,2.415263,3.8234,2.4883,2.5794,-1.7889,-1.6119,-2.0974
283,2.415345,3.8321,2.5205,2.5823,-1.7990,-1.6353,-2.0871
284,2.415431,3.8414,2.5579,2.5820,-1.8001,-1.6500,-2.0669
285,2.415529,3.8506,2.5952,2.5814,-1.7996,-1.6629,-2.0448
286,2.415639,3.8597,2.6324,2.5806,-1.7977,-1.6733,-2.0225
287,2.415780,3.8684,2.6694,2.5786,-1.7912,-1.6774,-1.9981
288,2.415975,3.8768,2.7047,2.5771,-1.7846,-1.6823,-1.9716
289,2.416267,3.8841,2.7353,2.5758,-1.7777,-1.6856,-1.9470
290,2.416680,3.8888,2.7544,2.5753,-1.7734,-1.6877,-1.9314
291,2.417153,3.8901,2.7595,2.5757,-1.7733,-1.6894,-1.9279
292,2.417631,3.8895,2.7563,2.5765,-1.7758,-1.6912,-1.9320
293,2.418103,3.8881,2.7495,2.5775,-1.7795,-1.6928,-1.9392
294,2.418571,3.8863,2.7414,2.5786,-1.7835,-1.6944,-1.9476
295,2.419038,3.8843,2.7326,2.5798,-1.7876,-1.6958,-1.9563
296,2.419503,3.8824,2.7237,2.5809,-1.7916,-1.6972,-1.9650
297,2.419969,3.8804,2.7149,2.5820,-1.7955,-1.6984,-1.9735
298,2.420436,3.8785,2.7061,2.5832,-1.7993,-1.6995,-1.9820
299,2.420903,3.8766,2.6975,2.5843,-1.8030,-1.7006,-1.9904
300,2.421370,3.8748,2.6891,2.5854,-1.8066,-1.7016,-1.9984
301,2.421839,3.8729,2.6807,2.5865,-1.8100,-1.7024,-2.0063
302,2.424159,3.8632,2.6370,2.5918,-1.8256,-1.7057,-2.0429
303,2.426491,3.8534,2.5931,2.5968,-1.8389,-1.7064,-2.0770
304,2.428818,3.8431,2.5477,2.6014,-1.8496,-1.7022,-2.1120
305,2.431097,3.8315,2.4981,2.6052,-1.8570,-1.6925,-2.1461
306,2.433246,3.8178,2.4407,2.6080,-1.8595,-1.6740,-2.1804
307,2.435118,3.8008,2.3720,2.6090,-1.8547,-1.6422,-2.2141
308,2.436580,3.7805,2.2921,2.6079,-1.8410,-1.5947,-2.2448
309,2.437805,3.7593,2.2121,2.6036,-1.8154,-1.5302,-2.2664
310,2.438820,3.7416,2.1541,2.5906,-1.7665,-1.4467,-2.2555
311,2.439371,3.7300,2.1300,2.5687,-1.6990,-1.3542,-2.2139
312,2.439931,3.7176,2.0816,2.5674,-1.6786,-1.3060,-2.2206
313,2.440392,3.7130,2.0263,2.6045,-1.7648,-1.3811,-2.3168
314,2.440929,3.7110,1.9827,2.6400,-1.8505,-1.4615,-2.4072
315,2.441466,3.7091,1.9406,2.6747,-1.9342,-1.5404,-2.4952
316,2.441991,3.7069,1.8979,2.7086,-2.0153,-1.6159,-2.5814
317,2.442475,3.7046,1.8535,2.7440,-2.1000,-1.6946,-2.6712
318,2.442933,3.7023,1.8079,2.7807,-2.1874,-1.7759,-2.7639
319,2.443364,3.7001,1.7612,2.8183,-2.2771,-1.8594,-2.8590
320,2.443767,3.6977,1.7127,2.8576,-2.3705,-1.9464,-2.9579
321,2.444142,3.6954,1.6621,2.8992,-2.4693,-2.0387,-3.0622
322,2.444316,3.6943,1.6368,2.9199,-2.5186,-2.0848,-3.1143
323,2.444467,3.6933,1.6135,2.9391,-2.5642,-2.1274,-3.1625
324,2.444607,3.6923,1.5914,2.9574,-2.6074,-2.1677,-3.2081
325,2.444785,3.6909,1.5607,2.9827,-2.6675,-2.2238,-3.2715
326,2.444907,3.6900,1.5387,3.0008,-2.7105,-2.2639,-3.3170
327,2.445056,3.6888,1.5109,3.0238,-2.7650,-2.3146,-3.3746
328,2.445166,3.6878,1.4893,3.0415,-2.8069,-2.3535,-3.4190
329,2.445294,3.6866,1.4620,3.0639,-2.8598,-2.4023,-3.4751
330,2.445388,3.6856,1.4412,3.0808,-2.8996,-2.4389,-3.5175
331,2.445528,3.6841,1.4092,3.1069,-2.9611,-2.4956,-3.5830
332,2.445613,3.6831,1.3884,3.1239,-3.0010,-2.5322,-3.6254
333,2.445725,3.6818,1.3600,3.1471,-3.0556,-2.5823,-3.6836
334,2.445798,3.6809,1.3406,3.1629,-3.0925,-2.6160,-3.7229
335,2.445904,3.6796,1.3111,3.1869,-3.1487,-2.6675,-3.7829
336,2.445996,3.6783,1.2839,3.2092,-3.2008,-2.7152,-3.8385
337,2.446069,3.6773,1.2618,3.2271,-3.2427,-2.7534,-3.8832
338,2.446152,3.6760,1.2354,3.2486,-3.2927,-2.7991,-3.9367
339,2.446227,3.6749,1.2105,3.2689,-3.3400,-2.8421,-3.9872
340,2.446299,3.6737,1.1856,3.2891,-3.3869,-2.8848,-4.0374
341,2.446368,3.6726,1.1610,3.3091,-3.4333,-2.9269,-4.0871
342,2.446452,3.6711,1.1291,3.3351,-3.4937,-2.9816,-4.1517
343,2.446505,3.6701,1.1084,3.3518,-3.5320,-3.0161,-4.1929
344,2.446572,3.6688,1.0818,3.3734,-3.5817,-3.0609,-4.2464
345,2.446638,3.6675,1.0538,3.3962,-3.6342,-3.1082,-4.3027
346,2.446691,3.6664,1.0307,3.4148,-3.6768,-3.1464,-4.3486
347,2.446743,3.6653,1.0080,3.4332,-3.7190,-3.1842,-4.3940
348,2.446803,3.6640,0.9807,3.4552,-3.7691,-3.2289,-4.4482
349,2.446852,3.6628,0.9575,3.4736,-3.8108,-3.2658,-4.4933
350,2.446902,3.6616,0.9331,3.4931,-3.8546,-3.3046,-4.5408
351,2.446953,3.6603,0.9092,3.5121,-3.8974,-3.3423,-4.5873
352,2.446996,3.6593,0.8888,3.5282,-3.9336,-3.3742,-4.6266
353,2.447043,3.6582,0.8683,3.5444,-3.9699,-3.4060,-4.6662
354,2.447085,3.6572,0.8497,3.5592,-4.0029,-3.4348,-4.7020
355,2.447126,3.6564,0.8344,3.5712,-4.0297,-3.4582,-4.7313
356,2.447168,3.6556,0.8198,3.5825,-4.0545,-3.4795,-4.7586
357,2.447210,3.6546,0.8026,3.5957,-4.0833,-3.5041,-4.7904
358,2.447249,3.6535,0.7831,3.6107,-4.1160,-3.5320,-4.8264
359,2.447293,3.6521,0.7565,3.6318,-4.1625,-3.5722,-4.8773
360,2.447583,3.6507,0.7272,3.6555,-4.2156,-3.6188,-4.9349
361,2.447633,3.6490,0.6961,3.6801,-4.2693,-3.6650,-4.9938
362,2.447679,3.6474,0.6671,3.7028,-4.3188,-3.7071,-5.0482
363,2.447739,3.6455,0.6325,3.7298,-4.3773,-3.7567,-5.1127
364,2.447802,3.6410,0.5571,3.7872,-4.4986,-3.8569,-5.2480